,,,,,Counts per million reads,,,
,,,,,RFPsg5 ON,,,
,,,,,Set A,,Set B,
Cas9 variant #,,848,,,Bin A,unsorted,Bin A,unsorted
1,RQ,K,ETQ,KR,2083.12,1366.27,1477.72,980.77
5,RQ,A,ETQ,KR,4332.32,2226.40,3371.29,1531.44
137,RQ,K,ETQ,KA,3763.41,1222.40,3297.52,1837.23
141,RQ,A,ETQ,KA,2865.57,1491.51,1255.83,1338.77
273,RQ,K,ETQ,AA,2957.24,907.74,2142.80,1474.26
277,RQ,A,ETQ,AA,1362.14,2098.06,2449.86,2704.88
409,RQ,K,ETQ,RR,1732.07,925.34,1655.45,1716.66
413,RQ,A,ETQ,RR,3755.87,2496.55,6092.88,2225.06
545,RQ,K,ETQ,RA,1479.70,358.13,115.07,LOW
549,RQ,A,ETQ,RA,1572.99,953.29,4071.70,2254.90
681,RQ,K,ETQ,HR,1397.73,1020.56,485.36,397.78
685,RQ,A,ETQ,HR,2869.88,1599.16,1974.75,1262.94
817,RQ,K,ETQ,HA,1845.31,999.86,1840.03,636.44
821,RQ,A,ETQ,HA,2821.35,2294.72,1353.25,1873.28
9,RQ,K,ETA,KR,3257.60,1177.89,1386.00,916.13
13,RQ,A,ETA,KR,1641.47,2213.98,1520.44,1776.32
145,RQ,K,ETA,KA,2849.39,1719.23,1671.97,1341.25
149,RQ,A,ETA,KA,2559.81,2366.14,1618.71,1894.41
281,RQ,K,ETA,AA,2209.84,1300.03,2723.30,2079.63
285,RQ,A,ETA,AA,2179.10,2406.50,575.65,1025.52
417,RQ,K,ETA,RR,2574.37,1669.54,2511.09,745.83
421,RQ,A,ETA,RR,2505.35,2274.02,1686.79,2017.47
553,RQ,K,ETA,RA,945.84,LOW,1725.24,LOW
557,RQ,A,ETA,RA,674.60,696.59,580.49,LOW
689,RQ,K,ETA,HR,2585.70,908.78,2561.79,1023.03
693,RQ,A,ETA,HR,1743.39,2253.32,1495.09,1931.70
825,RQ,K,ETA,HA,2829.44,2036.99,2034.28,1129.94
829,RQ,A,ETA,HA,1519.60,2774.98,2558.95,1883.23
41,RQ,K,MVA,KR,1974.73,890.15,2057.07,834.09
45,RQ,A,MVA,KR,2120.86,1134.42,2665.19,376.65
177,RQ,K,MVA,KA,2038.36,1260.70,3004.71,LOW
181,RQ,A,MVA,KA,3822.73,1112.68,2189.23,1050.38
313,RQ,K,MVA,AA,2739.92,1347.64,2334.50,1509.07
317,RQ,A,MVA,AA,675.14,427.48,2225.69,1057.84
449,RQ,K,MVA,RR,3824.89,1350.75,2796.50,1050.38
453,RQ,A,MVA,RR,3900.38,1570.18,2165.59,2080.87
585,RQ,K,MVA,RA,574.84,454.39,568.81,LOW
589,RQ,A,MVA,RA,664.89,335.36,655.69,979.53
721,RQ,K,MVA,HR,1866.88,1206.87,683.89,573.05
725,RQ,A,MVA,HR,2045.37,743.17,3184.44,839.06
857,RQ,K,MVA,HA,1983.36,951.22,2913.85,902.46
861,RQ,A,MVA,HA,1998.99,675.89,1208.26,LOW
97,RQ,K,HLQ,KR,2868.26,1020.56,946.79,1185.87
101,RQ,A,HLQ,KR,3583.84,2341.29,5532.04,1351.20
233,RQ,K,HLQ,KA,2351.66,855.99,2214.58,1352.44
237,RQ,A,HLQ,KA,1922.42,1093.02,1899.56,1100.10
369,RQ,K,HLQ,AA,2448.19,1120.96,2286.08,467.39
373,RQ,A,HLQ,AA,3167.01,997.79,2789.09,2348.13
505,RQ,K,HLQ,RR,3031.12,1312.45,2787.10,1611.00
509,RQ,A,HLQ,RR,5383.32,2322.66,7115.72,2588.04
641,RQ,K,HLQ,RA,239.97,419.20,257.20,LOW
645,RQ,A,HLQ,RA,457.28,LOW,1054.74,466.14
777,RQ,K,HLQ,HR,2366.22,1205.84,1410.78,1209.49
781,RQ,A,HLQ,HR,2944.84,1470.81,2422.23,1337.52
913,RQ,K,HLQ,HA,2771.20,1175.82,5953.03,2053.52
917,RQ,A,HLQ,HA,2323.08,1881.73,2463.53,1357.41
99,AQ,K,HLQ,KR,3213.92,987.44,1396.54,903.70
103,AQ,A,HLQ,KR,1591.32,430.58,2721.59,845.28
235,AQ,K,HLQ,KA,2721.05,1061.97,2743.23,1827.29
239,AQ,A,HLQ,KA,2017.33,808.38,4244.31,1244.30
371,AQ,K,HLQ,AA,2242.19,1393.18,3295.24,1381.03
375,AQ,A,HLQ,AA,1651.72,1161.33,1864.52,970.82
507,AQ,K,HLQ,RR,2799.78,1118.89,2371.24,738.37
511,AQ,A,HLQ,RR,3827.05,2230.54,4948.42,1016.82
643,AQ,K,HLQ,RA,217.86,403.67,1064.71,626.50
647,AQ,A,HLQ,RA,163.93,LOW,1079.80,708.54
779,AQ,K,HLQ,HR,3034.35,785.61,1870.22,495.98
783,AQ,A,HLQ,HR,2019.49,977.09,1350.11,702.32
915,AQ,K,HLQ,HA,2564.13,1141.67,2759.47,1018.06
919,AQ,A,HLQ,HA,1116.24,680.03,3985.39,1382.27
3,AQ,K,ETQ,KR,2068.02,904.64,1738.91,850.25
7,AQ,A,ETQ,KR,2766.88,1843.43,5144.67,2363.04
139,AQ,K,ETQ,KA,1857.17,1467.71,1928.32,1214.46
143,AQ,A,ETQ,KA,1806.48,2253.32,1798.73,1245.54
275,AQ,K,ETQ,AA,1807.56,924.30,1357.23,902.46
279,AQ,A,ETQ,AA,1441.41,2346.47,1693.34,1690.55
411,AQ,K,ETQ,RR,2286.95,910.85,1173.80,832.85
415,AQ,A,ETQ,RR,2661.19,1586.74,5546.28,3322.68
547,AQ,K,ETQ,RA,635.23,360.20,387.37,943.48
551,AQ,A,ETQ,RA,1020.80,LOW,674.49,LOW
683,AQ,K,ETQ,HR,2471.38,726.61,1552.91,815.44
687,AQ,A,ETQ,HR,1972.57,916.02,1419.04,1248.03
819,AQ,K,ETQ,HA,1152.91,873.59,1030.81,431.34
823,AQ,A,ETQ,HA,1210.07,1701.63,1740.90,936.02
11,AQ,K,ETA,KR,2509.12,1107.51,2306.01,1215.71
15,AQ,A,ETA,KR,1213.85,1438.73,289.11,991.96
147,AQ,K,ETA,KA,2873.12,1562.93,3219.76,3427.10
151,AQ,A,ETA,KA,783.53,1686.11,868.74,1645.80
283,AQ,K,ETA,AA,1221.40,1277.26,1322.48,728.43
287,AQ,A,ETA,AA,902.16,1019.53,800.10,2698.67
419,AQ,K,ETA,RR,2800.32,1252.42,3818.20,559.37
423,AQ,A,ETA,RR,1633.92,1819.63,1869.36,3030.56
555,AQ,K,ETA,RA,837.99,479.23,617.80,380.37
559,AQ,A,ETA,RA,899.47,827.01,638.88,LOW
691,AQ,K,ETA,HR,1461.90,909.81,1093.48,483.55
695,AQ,A,ETA,HR,934.52,1485.30,1231.62,1121.23
827,AQ,K,ETA,HA,1599.41,983.30,1455.22,2118.16
831,AQ,A,ETA,HA,1302.28,1673.68,1609.03,2340.67
43,AQ,K,MVA,KR,1538.48,707.98,1463.48,466.14
47,AQ,A,MVA,KR,1451.12,776.29,1425.31,625.26
179,AQ,K,MVA,KA,2651.48,1091.98,1840.31,839.06
183,AQ,A,MVA,KA,1648.48,1175.82,1518.45,482.30
315,AQ,K,MVA,AA,1913.79,745.24,2290.35,622.77
319,AQ,A,MVA,AA,1777.36,927.41,1243.30,1707.95
451,AQ,K,MVA,RR,3499.18,1451.15,3035.76,1875.77
455,AQ,A,MVA,RR,2737.22,1198.59,3196.69,2177.83
587,AQ,K,MVA,RA,1143.21,599.30,615.53,1000.66
591,AQ,A,MVA,RA,546.26,460.60,715.22,LOW
723,AQ,K,MVA,HR,1344.89,714.19,1020.84,LOW
727,AQ,A,MVA,HR,2534.47,1421.13,3020.09,994.44
859,AQ,K,MVA,HA,2153.76,1077.49,896.94,986.98
863,AQ,A,MVA,HA,2339.26,664.51,3295.53,554.40
42,RA,K,MVA,KR,3685.22,1596.06,3419.43,2206.42
46,RA,A,MVA,KR,863.88,1187.21,1335.02,636.44
178,RA,K,MVA,KA,1574.07,970.88,1943.42,796.80
182,RA,A,MVA,KA,2429.31,1538.09,1030.24,1021.79
314,RA,K,MVA,AA,804.56,762.84,1160.98,1220.68
318,RA,A,MVA,AA,2233.03,2140.49,1382.58,1859.61
450,RA,K,MVA,RR,2658.49,1359.03,4348.56,1148.58
454,RA,A,MVA,RR,1925.12,1659.19,2503.69,1032.98
586,RA,K,MVA,RA,404.44,LOW,671.35,466.14
590,RA,A,MVA,RA,880.05,475.09,724.05,781.88
722,RA,K,MVA,HR,1289.34,431.62,1043.35,670.01
726,RA,A,MVA,HR,1782.76,1413.89,1810.69,1756.43
858,RA,K,MVA,HA,1883.59,1035.06,1393.12,786.85
862,RA,A,MVA,HA,1240.27,1487.37,1503.07,1604.78
44,AA,K,MVA,KR,3012.24,1533.95,1864.24,998.17
48,AA,A,MVA,KR,447.04,869.45,518.40,LOW
180,AA,K,MVA,KA,2070.17,1339.36,2024.60,1680.61
184,AA,A,MVA,KA,759.80,1429.41,1840.31,770.69
316,AA,K,MVA,AA,1657.11,1648.84,2567.49,1441.94
320,AA,A,MVA,AA,995.45,1039.20,656.54,1128.69
452,AA,K,MVA,RR,3249.51,2145.67,4621.14,2758.33
456,AA,A,MVA,RR,2915.18,1804.10,1591.08,1597.32
588,AA,K,MVA,RA,144.52,316.73,243.53,LOW
592,AA,A,MVA,RA,441.11,519.60,106.53,LOW
724,AA,K,MVA,HR,2469.76,1345.57,2659.78,890.03
728,AA,A,MVA,HR,1151.30,1120.96,614.39,755.78
860,AA,K,MVA,HA,1651.72,1187.21,3510.29,2330.72
864,AA,A,MVA,HA,1069.33,1088.88,1190.32,928.56
100,AA,K,HLQ,KR,4213.69,1411.82,2627.88,842.79
104,AA,A,HLQ,KR,1156.15,1270.01,1163.26,416.42
236,AA,K,HLQ,KA,1782.22,842.53,2475.21,1838.48
240,AA,A,HLQ,KA,1860.95,847.71,2129.70,616.55
372,AA,K,HLQ,AA,1222.48,894.29,927.99,1458.10
376,AA,A,HLQ,AA,875.74,926.37,1650.04,774.42
508,AA,K,HLQ,RR,1973.65,1159.26,2544.99,912.40
512,AA,A,HLQ,RR,1390.72,1284.50,1567.16,1528.96
644,AA,K,HLQ,RA,1043.45,LOW,623.79,428.85
648,AA,A,HLQ,RA,997.61,1464.60,218.18,LOW
780,AA,K,HLQ,HR,2045.91,1523.60,1108.57,524.57
784,AA,A,HLQ,HR,1887.37,1357.99,908.33,902.46
916,AA,K,HLQ,HA,1139.97,1031.95,1169.53,789.34
920,AA,A,HLQ,HA,745.24,976.06,752.53,1052.87
98,RA,K,HLQ,KR,2405.05,1191.35,1907.53,1204.52
102,RA,A,HLQ,KR,947.46,620.00,1928.32,1357.41
234,RA,K,HLQ,KA,1940.22,1190.31,5739.68,1301.48
238,RA,A,HLQ,KA,2223.86,2008.01,1754.58,830.36
370,RA,K,HLQ,AA,1368.07,1105.44,1522.72,1947.86
374,RA,A,HLQ,AA,514.44,853.92,485.36,568.08
506,RA,K,HLQ,RR,1774.67,839.43,2562.65,1337.52
510,RA,A,HLQ,RR,2745.85,1212.05,3702.84,1858.36
642,RA,K,HLQ,RA,1146.98,621.03,758.23,952.18
646,RA,A,HLQ,RA,443.80,726.61,17344.67,1148.58
778,RA,K,HLQ,HR,3258.14,1006.07,1908.96,1915.54
782,RA,A,HLQ,HR,2143.51,1489.44,2930.08,586.72
914,RA,K,HLQ,HA,1660.35,1421.13,2869.70,2003.80
918,RA,A,HLQ,HA,2159.69,1517.39,2245.91,3092.72
2,RA,K,ETQ,KR,2952.92,1345.57,2429.63,1463.07
6,RA,A,ETQ,KR,2182.88,2028.71,1077.24,1527.71
138,RA,K,ETQ,KA,3545.02,877.73,1829.77,1615.97
142,RA,A,ETQ,KA,1609.66,1939.69,2033.43,1547.60
274,RA,K,ETQ,AA,936.67,688.31,966.16,891.27
278,RA,A,ETQ,AA,1639.32,1056.79,1477.72,1282.83
410,RA,K,ETQ,RR,4485.47,1670.58,3719.64,857.71
414,RA,A,ETQ,RR,2231.95,2183.97,2446.15,1676.88
546,RA,K,ETQ,RA,559.20,567.21,1021.13,LOW
550,RA,A,ETQ,RA,365.07,656.23,668.22,656.33
682,RA,K,ETQ,HR,1733.68,547.54,2106.92,1240.57
686,RA,A,ETQ,HR,1355.67,2111.51,713.51,2119.41
818,RA,K,ETQ,HA,1366.99,751.45,2257.31,896.24
822,RA,A,ETQ,HA,963.10,1867.24,3503.74,445.01
4,AA,K,ETQ,KR,2720.51,1497.72,2640.41,1691.79
8,AA,A,ETQ,KR,917.80,1829.98,970.14,1521.50
140,AA,K,ETQ,KA,905.94,1730.61,2115.18,1298.99
144,AA,A,ETQ,KA,2716.19,2880.56,1571.14,1845.93
276,AA,K,ETQ,AA,957.71,1403.53,1240.45,1285.32
280,AA,A,ETQ,AA,1589.16,977.09,1088.92,796.80
412,AA,K,ETQ,RR,3249.51,1834.12,2843.78,882.57
416,AA,A,ETQ,RR,2490.25,1967.64,2325.10,2496.05
548,AA,K,ETQ,RA,488.02,542.37,364.87,555.64
552,AA,A,ETQ,RA,906.48,1014.35,599.86,430.10
684,AA,K,ETQ,HR,1671.13,870.48,514.41,LOW
688,AA,A,ETQ,HR,2259.99,1529.81,2088.12,2568.15
820,AA,K,ETQ,HA,1398.27,1264.84,558.84,771.94
824,AA,A,ETQ,HA,1114.09,1374.55,1169.24,1193.33
12,AA,K,ETA,KR,1990.37,1895.19,2607.65,1985.16
16,AA,A,ETA,KR,1462.44,1736.82,1670.83,1799.94
148,AA,K,ETA,KA,1445.19,1319.70,721.20,906.19
152,AA,A,ETA,KA,1282.33,1785.47,1610.45,1344.98
284,AA,K,ETA,AA,754.95,1200.66,1186.33,1142.37
288,AA,A,ETA,AA,1062.86,2330.94,2704.78,1376.06
420,AA,K,ETA,RR,1245.12,1686.11,1433.57,1387.25
424,AA,A,ETA,RR,2581.38,2524.50,1282.32,1942.89
556,AA,K,ETA,RA,335.41,745.24,870.74,1269.16
560,AA,A,ETA,RA,1066.09,808.38,616.38,1221.92
692,AA,K,ETA,HR,1023.49,2153.95,2355.86,1721.63
696,AA,A,ETA,HR,2114.93,1760.63,1437.84,2019.96
828,AA,K,ETA,HA,1864.18,2322.66,1969.91,2627.81
832,AA,A,ETA,HA,727.99,1584.67,1341.57,2842.86
10,RA,K,ETA,KR,2287.49,1468.74,2865.43,1361.14
14,RA,A,ETA,KR,1030.50,1371.45,1624.98,790.58
146,RA,K,ETA,KA,1168.55,1406.64,693.85,1156.04
150,RA,A,ETA,KA,984.13,2806.03,1175.22,3302.79
282,RA,K,ETA,AA,990.06,787.68,924.00,1440.70
286,RA,A,ETA,AA,1230.56,1627.11,1058.73,1739.03
418,RA,K,ETA,RR,2046.45,1708.88,2802.48,775.67
422,RA,A,ETA,RR,1223.55,1495.65,2591.13,1971.48
554,RA,K,ETA,RA,538.71,515.46,1008.88,2150.48
558,RA,A,ETA,RA,1149.14,820.80,588.75,876.35
690,RA,K,ETA,HR,2016.25,2153.95,2271.26,1676.88
694,RA,A,ETA,HR,1306.60,1866.20,2062.48,1859.61
826,RA,K,ETA,HA,1214.93,1252.42,1411.92,1142.37
830,RA,A,ETA,HA,1613.97,2364.07,481.08,1788.75