# variant,module0,module1,module2,module3,expected,observed,epistasis score
1,RQ,K,ETQ,KR,0.599970141774,0.599970141774,0.0
2,RA,K,ETQ,KR,0.686677888579,0.946801128994,0.260123240415
3,AQ,K,ETQ,KR,0.728668411362,1.11476322013,0.386094808765
4,AA,K,ETQ,KR,0.638929601079,0.755807978993,0.116878377914
5,RQ,A,ETQ,KR,0.713018218045,1.05216244686,0.339144228812
6,RA,A,ETQ,KR,0.79972596485,-0.167208855943,-0.966934820793
7,AQ,A,ETQ,KR,0.841716487633,0.87895350402,0.0372370163874
8,AA,A,ETQ,KR,0.751977677349,-0.812034285604,-1.56401196295
9,RQ,K,ETA,KR,0.724254637781,1.0971081258,0.372853488021
10,RA,K,ETA,KR,0.810962384586,0.872875949299,0.0619135647136
11,AQ,K,ETA,KR,0.852952907369,1.05741312528,0.204460217907
12,AA,K,ETA,KR,0.763214097085,0.241104056325,-0.522110040761
13,RQ,A,ETA,KR,0.837302714052,-0.324309809263,-1.16161252331
14,RA,A,ETA,KR,0.924010460857,0.488937662943,-0.435072797914
15,AQ,A,ETA,KR,0.96600098364,-0.817118619072,-1.78311960271
16,AA,A,ETA,KR,0.876262173356,-0.176013097954,-1.05227527131
41,RQ,K,MVA,KR,0.756964347787,1.22794696582,0.470982618038
42,RA,K,MVA,KR,0.843672094592,0.948119428812,0.10444733422
43,AQ,K,MVA,KR,0.885662617375,1.40942557086,0.523762953483
44,AA,K,MVA,KR,0.795923807091,0.937861261573,0.141937454482
45,RQ,A,MVA,KR,0.870012424057,2.16117716128,1.29116473722
46,RA,A,MVA,KR,0.956720170862,0.498400211112,-0.458319959751
47,AQ,A,MVA,KR,0.998710693646,1.05271119522,0.0540005015776
97,RQ,K,HLQ,KR,0.662864334321,0.851546911963,0.188682577641
98,RA,K,HLQ,KR,0.749572081126,0.848959787273,0.0993877061473
99,AQ,K,HLQ,KR,0.791562603909,1.26308197324,0.471519369333
100,AA,K,HLQ,KR,0.701823793626,1.60943639603,0.907612602405
101,RQ,A,HLQ,KR,0.775912410592,1.49182227965,0.715909869058
102,RA,A,HLQ,KR,0.862620157397,0.560103037547,-0.30251711985
103,AQ,A,HLQ,KR,0.90461068018,1.7898354159,0.88522473572
104,AA,A,HLQ,KR,0.814871869897,0.88901589671,0.0741440268138
137,RQ,K,ETQ,KA,0.77121999912,1.28496957116,0.513749572037
138,RA,K,ETQ,KA,0.857927745925,1.37048645173,0.51255870581
139,AQ,K,ETQ,KA,0.899918268708,0.512556853682,-0.387361415026
140,AA,K,ETQ,KA,0.810179458424,0.105548540031,-0.704630918393
141,RQ,A,ETQ,KA,0.88426807539,0.515662960421,-0.368605114969
142,RA,A,ETQ,KA,0.970975822195,0.100156215643,-0.870819606552
143,AQ,A,ETQ,KA,1.01296634498,0.167251122687,-0.845715222292
144,AA,A,ETQ,KA,0.923227534695,-0.156759358796,-1.07998689349
145,RQ,K,ETA,KA,0.895504495126,0.538011649141,-0.357492845986
146,RA,K,ETA,KA,0.982212241931,-0.483042876549,-1.46525511848
147,AQ,K,ETA,KA,1.02420276471,0.473937936629,-0.550264828086
148,AA,K,ETA,KA,0.934463954431,-0.0808892557723,-1.0153532102
149,RQ,A,ETA,KA,1.0085525714,-0.0466847127916,-1.05523728419
150,RA,A,ETA,KA,1.0952603182,-1.50114432274,-2.59640464094
151,AQ,A,ETA,KA,1.13725084099,-1.01078895039,-2.14803979138
152,AA,A,ETA,KA,1.0475120307,-0.0622176300434,-1.10972966075
178,RA,K,MVA,KA,1.01492195194,1.02159089177,0.00666893983155
179,AQ,K,MVA,KA,1.05691247472,1.20834225121,0.151429776486
180,AA,K,MVA,KA,0.967173664437,0.459600973342,-0.507572691095
181,RQ,A,MVA,KA,1.0412622814,1.46462451119,0.42336222979
182,RA,A,MVA,KA,1.12797002821,0.371671895272,-0.756298132937
183,AQ,A,MVA,KA,1.16996055099,1.1859727444,0.0160121934123
184,AA,A,MVA,KA,1.08022174071,0.545682363949,-0.534539376759
233,RQ,K,HLQ,KA,0.834114191667,1.13250067685,0.298386485181
234,RA,K,HLQ,KA,0.920821938472,1.59457961538,0.673757676905
235,AQ,K,HLQ,KA,0.962812461255,1.02273081595,0.0599183546944
236,AA,K,HLQ,KA,0.873073650971,0.791461677913,-0.081611973059
237,RQ,A,HLQ,KA,0.947162267938,0.80137836756,-0.145783900378
238,RA,A,HLQ,KA,1.03387001474,0.687298039003,-0.34657197574
239,AQ,A,HLQ,KA,1.07586053753,1.56230937053,0.486448833009
240,AA,A,HLQ,KA,0.986121727242,1.49812020662,0.511998479377
273,RQ,K,ETQ,AA,0.759007380224,1.23611909557,0.477111715351
274,RA,K,ETQ,AA,0.845715127029,0.289747107564,-0.555968019465
275,AQ,K,ETQ,AA,0.887705649813,0.790572483108,-0.097133166705
276,AA,K,ETQ,AA,0.797966839529,-0.279766668546,-1.07773350807
277,RQ,A,ETQ,AA,0.872055456495,-0.363125852322,-1.23518130882
278,RA,A,ETQ,AA,0.9587632033,0.434640398809,-0.524122804491
279,AQ,A,ETQ,AA,1.00075372608,-0.30762721828,-1.30838094436
280,AA,A,ETQ,AA,0.9110149158,0.58161048865,-0.32940442715
281,RQ,K,ETA,AA,0.883291876231,0.589451660628,-0.293840215603
282,RA,K,ETA,AA,0.969999623036,-0.0753021407631,-1.0453017638
283,AQ,K,ETA,AA,1.01199014582,0.47081629711,-0.54117384871
284,AA,K,ETA,AA,0.922251335536,-0.262520400978,-1.18477173651
285,RQ,A,ETA,AA,0.996339952502,-0.447297429277,-1.44363738178
286,RA,A,ETA,AA,1.08304769931,-0.551003302616,-1.63405100192
287,AQ,A,ETA,AA,1.12503822209,-0.759554135648,-1.88459235774
288,AA,A,ETA,AA,1.03529941181,0.275946617493,-0.759352794314
313,RQ,K,MVA,AA,0.916001586237,0.840001432576,-0.0760001536608
314,RA,K,MVA,AA,1.00270933304,0.00416567791684,-0.998543655125
315,AQ,K,MVA,AA,1.04469985583,1.64286334923,0.598163493409
316,AA,K,MVA,AA,0.954961045542,0.477986024356,-0.476975021186
317,RQ,A,MVA,AA,1.02904966251,0.881016014238,-0.14803364827
318,RA,A,MVA,AA,1.11575740931,-0.162693247844,-1.27845065716
319,AQ,A,MVA,AA,1.1577479321,0.402954484967,-0.754793447129
320,AA,A,MVA,AA,1.06800912181,-0.377459886993,-1.44546900881
369,RQ,K,HLQ,AA,0.821901572771,1.8227655216,1.00086394882
370,RA,K,HLQ,AA,0.908609319576,0.0138692422051,-0.894740077371
371,AQ,K,HLQ,AA,0.95059984236,0.998368307899,0.0477684655393
372,AA,K,HLQ,AA,0.860861032076,0.0024661217555,-0.858394910321
373,RQ,A,HLQ,AA,0.934949649042,1.12492910474,0.189979455697
374,RA,A,HLQ,AA,1.02165739585,-0.457165581752,-1.4788229776
375,AQ,A,HLQ,AA,1.06364791863,0.741069060288,-0.322578858343
376,AA,A,HLQ,AA,0.973909108347,0.621066879426,-0.352842228921
409,RQ,K,ETQ,RR,0.575962799928,0.503940774392,-0.0720220255364
410,RA,K,ETQ,RR,0.662670546733,1.81181793758,1.14914739085
411,AQ,K,ETQ,RR,0.704661069517,0.970914035307,0.266252965791
412,AA,K,ETQ,RR,0.614922259233,1.32015473985,0.705232480613
413,RQ,A,ETQ,RR,0.689010876199,1.08499059171,0.395979715515
414,RA,A,ETQ,RR,0.775718623004,0.310758872745,-0.464959750259
415,AQ,A,ETQ,RR,0.817709145788,0.74259347591,-0.0751156698774
416,AA,A,ETQ,RR,0.727970335504,0.13560988285,-0.592360452654
417,RQ,K,ETA,RR,0.700247295935,1.29537135282,0.595124056889
418,RA,K,ETA,RR,0.78695504274,1.26619239835,0.479237355611
419,AQ,K,ETA,RR,0.828945565524,2.17980093926,1.35085537373
420,AA,K,ETA,RR,0.73920675524,-0.174746001857,-0.913952757097
421,RQ,A,ETA,RR,0.813295372206,-0.045566119712,-0.858861491918
422,RA,A,ETA,RR,0.900003119011,0.0924641690006,-0.807538950011
423,AQ,A,ETA,RR,0.941993641795,-0.400894310037,-1.34288795183
424,AA,A,ETA,RR,0.852254831511,-0.249361186463,-1.10161601797
449,RQ,K,MVA,RR,0.732957005941,1.45786964778,0.724912641844
450,RA,K,MVA,RR,0.819664752746,1.52160325715,0.701938504406
451,AQ,K,MVA,RR,0.86165527553,1.01068050699,0.149025231458
452,AA,K,MVA,RR,0.771916465246,0.673461366185,-0.0984550990613
453,RQ,A,MVA,RR,0.846005082212,0.817519878095,-0.0284852041165
454,RA,A,MVA,RR,0.932712829017,0.841583348183,-0.0911294808343
455,AQ,A,MVA,RR,0.9747033518,0.907480123187,-0.067223228613
456,AA,A,MVA,RR,0.884964541517,0.385131324303,-0.499833217214
505,RQ,K,HLQ,RR,0.638856992476,1.01419680016,0.37533980768
506,RA,K,HLQ,RR,0.725564739281,1.01081861697,0.285253877685
507,AQ,K,HLQ,RR,0.767555262064,1.51443431982,0.746879057758
508,AA,K,HLQ,RR,0.67781645178,1.16730792536,0.489491473576
509,RQ,A,HLQ,RR,0.751905068746,1.3411893584,0.589284289651
510,RA,A,HLQ,RR,0.838612815551,1.09017269529,0.251559879741
511,AQ,A,HLQ,RR,0.880603338335,1.71859503243,0.837991694095
512,AA,A,HLQ,RR,0.790864528051,0.0756544477921,-0.715210080259
547,AQ,K,ETQ,RA
548,AA,K,ETQ,RA
549,RQ,A,ETQ,RA
550,RA,A,ETQ,RA
552,AA,A,ETQ,RA
554,RA,K,ETA,RA
555,AQ,K,ETA,RA
556,AA,K,ETA,RA
558,RA,A,ETA,RA
560,AA,A,ETA,RA
587,AQ,K,MVA,RA
589,RQ,A,MVA,RA
590,RA,A,MVA,RA
642,RA,K,HLQ,RA
643,AQ,K,HLQ,RA
646,RA,A,HLQ,RA
681,RQ,K,ETQ,HR,0.543179918452,0.372809248485,-0.170370669967
682,RA,K,ETQ,HR,0.629887665257,1.28233773755,0.652450072289
683,AQ,K,ETQ,HR,0.67187818804,1.40752401405,0.735645826009
685,RQ,A,ETQ,HR,0.656227994723,0.747701319717,0.0914733249947
686,RA,A,ETQ,HR,0.742935741527,-1.03107145636,-1.77400719789
687,AQ,A,ETQ,HR,0.784926264311,0.718279476242,-0.0666467880684
688,AA,A,ETQ,HR,0.695187454027,0.195589781094,-0.499597672934
689,RQ,K,ETA,HR,0.667464414459,1.4193671566,0.751902742145
690,RA,K,ETA,HR,0.754172161264,0.19567946425,-0.558492697013
691,AQ,K,ETA,HR,0.796162684047,0.951654074998,0.155491390951
692,AA,K,ETA,HR,0.706423873763,-0.117507088874,-0.823930962637
693,RQ,A,ETA,HR,0.780512490729,-0.36989777295,-1.15041026368
694,RA,A,ETA,HR,0.867220237534,-0.144622512035,-1.01184274957
695,AQ,A,ETA,HR,0.909210760318,-0.211202664287,-1.12041342461
696,AA,A,ETA,HR,0.819471950034,-0.0641247699602,-0.883596719994
721,RQ,K,MVA,HR,0.700174124464,0.454333121167,-0.245841003298
722,RA,K,MVA,HR,0.786881871269,1.1840982515,0.397216380233
724,AA,K,MVA,HR,0.739133583769,1.27019732351,0.531063739739
725,RQ,A,MVA,HR,0.813222200735,1.71093768638,0.897715485649
726,RA,A,MVA,HR,0.89992994754,0.19647005442,-0.70345989312
727,AQ,A,MVA,HR,0.941920470324,1.26915119506,0.32723072474
728,AA,A,MVA,HR,0.85218166004,-0.120303771275,-0.972485431315
777,RQ,K,HLQ,HR,0.606074110999,0.645575161329,0.0395010503304
778,RA,K,HLQ,HR,0.692781857804,1.0823780994,0.389596241595
779,AQ,K,HLQ,HR,0.734772380587,1.93228223397,1.19750985339
780,AA,K,HLQ,HR,0.645033570304,0.789147410418,0.144113840115
781,RQ,A,HLQ,HR,0.71912218727,0.930992846521,0.211870659252
782,RA,A,HLQ,HR,0.805829934075,1.68552280396,0.879692869884
783,AQ,A,HLQ,HR,0.847820456858,0.99609897247,0.148278515612
784,AA,A,HLQ,HR,0.758081646574,0.260826947483,-0.497254699091
817,RQ,K,ETQ,HA,0.760947965305,1.2438814359,0.482933470593
818,RA,K,ETQ,HA,0.84765571211,1.1169571834,0.26930147129
819,AQ,K,ETQ,HA,0.889646234893,0.89123384595,0.00158761105627
820,AA,K,ETQ,HA,0.79990742461,-0.128602726537,-0.928510151147
821,RQ,A,ETQ,HA,0.873996041576,-0.0351264598043,-0.90912250138
822,RA,A,ETQ,HA,0.960703788381,2.06853050844,1.10782672006
823,AQ,A,ETQ,HA,1.00269431116,0.362340942918,-0.640353368246
824,AA,A,ETQ,HA,0.91295550088,-0.159778233243,-1.07273373412
825,RQ,K,ETA,HA,0.885232461312,0.673272955506,-0.211959505806
826,RA,K,ETA,HA,0.971940208117,0.141447687963,-0.830492520154
827,AQ,K,ETA,HA,1.0139307309,0.210136085545,-0.803794645355
828,AA,K,ETA,HA,0.924191920616,-0.365643653341,-1.28983557396
829,RQ,A,ETA,HA,0.998280537583,-0.0691365677167,-1.0674171053
830,RA,A,ETA,HA,1.08498828439,-1.07148822883,-2.15647651321
831,AQ,A,ETA,HA,1.12697880717,-0.448590677296,-1.57556948447
832,AA,A,ETA,HA,1.03723999689,-1.10267607099,-2.13991606788
857,RQ,K,MVA,HA,0.917942171318,1.40975898711,0.491816815791
858,RA,K,MVA,HA,1.00464991812,0.84410072652,-0.160549191603
859,AQ,K,MVA,HA,1.04664044091,0.539848634465,-0.506791806441
860,AA,K,MVA,HA,0.956901630622,0.534738302057,-0.422163328566
862,RA,A,MVA,HA,1.11769799439,-0.175852584302,-1.2935505787
863,AQ,A,MVA,HA,1.15968851718,2.24254096814,1.08285245097
864,AA,A,MVA,HA,1.06994970689,0.178838671573,-0.891111035321
913,RQ,K,HLQ,HA,0.823842157852,1.39390014031,0.570057982453
914,RA,K,HLQ,HA,0.910549904657,0.378766730388,-0.531783174269
915,AQ,K,HLQ,HA,0.95254042744,1.30931147638,0.356771048939
916,AA,K,HLQ,HA,0.862801617157,0.370907021155,-0.491894596001
917,RQ,A,HLQ,HA,0.936890234123,0.60853496021,-0.328355273913
918,RA,A,HLQ,HA,1.02359798093,0.1039911133,-0.919606867628
919,AQ,A,HLQ,HA,1.06558850371,1.17781514929,0.112226645583
920,AA,A,HLQ,HA,0.975849693428,-0.436099722223,-1.41194941565
